Energy	Mean_S	RMS_S	MeanErr_S	RMSErr_S	Mean_C	RMS_C	MeanErr_C	RMSErr_C	Mean_Comb	RMS_Comb	MeanErr_Comb	RMSErr_Comb
10	9.993824470615143	0.7820238430469972	0.012454575475433452	0.010870437800512445	9.956473246239334	0.9789226428685658	0.015825365998005915	0.013751661105595614	10.00724638914779	0.6354667349374401	0.009702908411165967	0.008447732696058252
20	19.979000650772953	1.1315954738484797	0.015089758702935128	0.013010466018093192	19.985323647914964	1.3839382112174388	0.01760397293058323	0.014448471077115221	20.01239494272584	0.9193928296399255	0.011153221716741697	0.009646709924092833
30	29.899523298918666	1.4436299451992132	0.018290866356893067	0.015801418312866744	29.887175621446065	1.8122316069293565	0.02402916741522911	0.01959008671263729	29.909399062631497	1.2197041697094846	0.01489581444449144	0.012629898431764652
40	39.98616542193507	1.6820081160895655	0.02147060734015934	0.019040398926500335	39.95007510014579	2.1590020165288673	0.02951294827694117	0.023596332598482483	39.98728068848036	1.4655594654693727	0.018596045924203587	0.016338795163782116
60	60.03634818690549	2.2054714012477485	0.029259034522641315	0.024484352275127907	60.08702034075338	2.951067433564129	0.04179547587055291	0.031181434107432127	60.07485381334962	2.0347967002014458	0.02782254405963752	0.022674122930229412
80	80.04638703993612	2.6876925127886824	0.03866708081171147	0.0342861147087381	79.92611395326644	3.5879707657239632	0.05461260162672868	0.04012784872477737	80.01207616994051	2.417910509744187	0.03138242561753976	0.029183670068173573
100	99.67466640808165	3.1173500471976014	0.024145395730672814	0.021406018665077964	99.6402196624366	4.370564011238577	0.038238062347684836	0.027114657384124108	99.744943784093	2.8978883967005493	0.021222882052235416	0.017784410673846285
120	119.90369354472465	3.416204338725628	0.13216875861805383	0.12380594813666379	120.00765785093262	4.889147211741239	0.20801711974334225	0.1691789054282693	119.7119266673872	3.5027367679627117	0.16040627669311938	0.14018471000915023
